basic_date,stockname,stock_code,open_value,high_value,low_value,close_value,volume_value,cv_diif_value,cv_diif_rate,cv_maN_value,cv_maN_rate,ud_Nd,cvNd_diff_rate,vv_diif_value,vv_diif_rate,vv_maN_value,vv_maN_rate
20170116,øª∑Œ∆‰¿Ã,179720,397,399,397,399,2601,0,0,0,0,∫Ò±≥∫“∞°,∫Ò±≥∫“∞°,0,0,0,0
20170117,øª∑Œ∆‰¿Ã,179720,387,399,387,399,2601,0,0.0,0,0,∫Ò±≥∫“∞°,0.0,0,0.0,0,0
20170118,øª∑Œ∆‰¿Ã,179720,387,399,387,399,2601,0,0.0,399.0,0,0,2.76,0,0.0,2601.0,0
20170119,øª∑Œ∆‰¿Ã,179720,387,410,387,410,2601,11,2.76,402.6666666666667,0.92,0,-0.5,0,0.0,2601.0,0.0
20170120,øª∑Œ∆‰¿Ã,179720,397,397,397,397,2600,-13,-3.17,402.0,-0.17,0,-0.49,-1,-0.04,2600.6666666666665,-0.01
20170123,øª∑Œ∆‰¿Ã,179720,385,408,385,408,2601,11,2.77,405.0,0.75,0,5.29,1,0.04,2600.6666666666665,0.0
20170124,øª∑Œ∆‰¿Ã,179720,395,418,395,418,2601,10,2.45,407.6666666666667,0.66,1,16.67,0,0.0,2600.6666666666665,0.0
20170125,øª∑Œ∆‰¿Ã,179720,418,476,418,476,2,58,13.88,434.0,6.46,1,16.51,-2599,-99.92,1734.6666666666667,-33.3
20170126,øª∑Œ∆‰¿Ã,179720,461,487,461,487,2201,11,2.31,460.3333333333333,6.07,1,16.39,2199,109950.0,1601.3333333333333,-7.69
20170131,øª∑Œ∆‰¿Ã,179720,554,554,554,554,1,67,13.76,505.6666666666667,9.85,1,16.22,-2200,-99.95,734.6666666666666,-54.12
20170201,øª∑Œ∆‰¿Ã,179720,471,566,471,566,2001,12,2.17,535.6666666666666,5.93,0,-13.0,2000,200000.0,1401.0,90.7
20170202,øª∑Œ∆‰¿Ã,179720,482,482,482,482,2,-84,-14.84,534.0,-0.31,0,-2.47,-1999,-99.9,668.0,-52.32
20170203,øª∑Œ∆‰¿Ã,179720,410,552,410,552,2,70,14.52,533.3333333333334,-0.12,0,17.22,0,0.0,668.3333333333334,0.05
20170206,øª∑Œ∆‰¿Ã,179720,535,565,535,565,1901,13,2.36,533.0,-0.06,0,-6.34,1899,94950.0,635.0,-4.99
20170207,øª∑Œ∆‰¿Ã,179720,517,517,517,517,0,-48,-8.5,544.6666666666666,2.19,0,4.96,-1901,-100.0,634.3333333333334,-0.1
20170208,øª∑Œ∆‰¿Ã,179720,593,593,593,593,1,76,14.7,558.3333333333334,2.51,0,-2.32,1,0,634.0,-0.05
20170209,øª∑Œ∆‰¿Ã,179720,505,505,505,505,0,-88,-14.84,538.3333333333334,-3.58,0,-15.85,-1,-100.0,0.3333333333333333,-99.95
20170210,øª∑Œ∆‰¿Ã,179720,499,499,499,499,0,-6,-1.19,532.3333333333334,-1.11,-1,-2.18,0,0,0.3333333333333333,0.0
20170213,øª∑Œ∆‰¿Ã,179720,494,494,494,494,0,-5,-1.0,499.3333333333333,-6.2,0,12.22,0,0,0.0,-100.0
20170214,øª∑Œ∆‰¿Ã,179720,565,565,420,560,39,66,13.36,517.6666666666666,3.67,0,-3.64,39,0,13.0,0
20170215,øª∑Œ∆‰¿Ã,179720,476,476,476,476,57,-84,-15.0,510.0,-1.48,0,-10.71,18,46.15,32.0,146.15
20170216,øª∑Œ∆‰¿Ã,179720,500,500,500,500,10,24,5.04,512.0,0.39,0,20.38,-47,-82.46,35.333333333333336,10.42
20170217,øª∑Œ∆‰¿Ã,179720,425,573,425,573,10,73,14.6,516.3333333333334,0.85,0,-2.4,0,0.0,25.666666666666668,-27.36
20170220,øª∑Œ∆‰¿Ã,179720,488,652,488,488,15,-85,-14.83,520.3333333333334,0.77,0,-27.57,5,50.0,11.666666666666666,-54.55
20170221,øª∑Œ∆‰¿Ã,179720,415,557,415,415,1429,-73,-14.96,492.0,-5.45,0,-3.69,1414,9426.67,484.6666666666667,4054.29
20170222,øª∑Œ∆‰¿Ã,179720,353,470,353,470,1000,55,13.25,457.6666666666667,-6.98,0,-3.61,-429,-30.02,814.6666666666666,68.09
20170223,øª∑Œ∆‰¿Ã,179720,400,400,400,400,7,-70,-14.89,428.3333333333333,-6.41,0,-14.89,-993,-99.3,812.0,-0.33
20170224,øª∑Œ∆‰¿Ã,179720,400,400,400,400,0,0,0.0,423.3333333333333,-1.17,0,15.0,-7,-100.0,335.6666666666667,-58.66
20170227,øª∑Œ∆‰¿Ã,179720,457,460,457,460,10,60,15.0,420.0,-0.79,0,32.25,10,0,5.666666666666667,-98.31
20170228,øª∑Œ∆‰¿Ã,179720,529,529,529,529,3,69,15.0,463.0,10.24,1,15.87,-7,-70.0,4.333333333333333,-23.53
20170302,øª∑Œ∆‰¿Ã,179720,450,533,450,533,6,4,0.76,507.3333333333333,9.58,0,-6.05,3,100.0,6.333333333333333,46.15
20170303,øª∑Œ∆‰¿Ã,179720,497,497,497,497,0,-36,-6.75,519.6666666666666,2.43,0,-20.64,-6,-100.0,3.0,-52.63
20170306,øª∑Œ∆‰¿Ã,179720,423,423,423,423,0,-74,-14.89,484.3333333333333,-6.8,-1,-27.57,0,0,2.0,-33.33
20170307,øª∑Œ∆‰¿Ã,179720,360,360,360,360,3,-63,-14.89,426.6666666666667,-11.91,0,-12.77,3,0,1.0,-50.0
20170308,øª∑Œ∆‰¿Ã,179720,369,369,369,369,50,9,2.5,384.0,-10.0,0,17.22,47,1566.67,17.666666666666668,1666.67
20170309,øª∑Œ∆‰¿Ã,179720,422,422,422,422,2,53,14.36,383.6666666666667,-0.09,0,5.69,-48,-96.0,18.333333333333332,3.77
20170310,øª∑Œ∆‰¿Ã,179720,390,390,390,390,0,-32,-7.58,393.6666666666667,2.61,0,6.16,-2,-100.0,17.333333333333332,-5.45
20170313,øª∑Œ∆‰¿Ã,179720,332,448,332,448,993,58,14.87,420.0,6.69,0,30.77,993,0,331.6666666666667,1813.46
20170314,øª∑Œ∆‰¿Ã,179720,510,510,510,510,1,62,13.84,449.3333333333333,6.98,0,-3.12,-992,-99.9,331.3333333333333,-0.1
20170315,øª∑Œ∆‰¿Ã,179720,434,460,434,434,10,-76,-14.9,464.0,3.26,0,-2.35,9,900.0,334.6666666666667,1.01
20170316,øª∑Œ∆‰¿Ã,179720,498,498,498,498,1,64,14.75,480.6666666666667,3.59,0,-2.3,-9,-90.0,4.0,-98.8
20170317,øª∑Œ∆‰¿Ã,179720,424,424,424,424,0,-74,-14.86,452.0,-5.96,0,-2.61,-1,-100.0,3.6666666666666665,-8.33
20170320,øª∑Œ∆‰¿Ã,179720,424,485,361,485,379,61,14.39,469.0,3.76,0,3.77,379,0,126.66666666666667,3354.55
20170321,øª∑Œ∆‰¿Ã,179720,440,440,440,440,2200,-45,-9.28,449.6666666666667,-4.12,0,-22.89,1821,480.47,859.6666666666666,578.68
20170322,øª∑Œ∆‰¿Ã,179720,374,374,374,374,115,-66,-15.0,433.0,-3.71,-1,-22.27,-2085,-94.77,898.0,4.46
20170323,øª∑Œ∆‰¿Ã,179720,342,342,342,342,2800,-32,-8.56,385.3333333333333,-11.01,-1,-11.5,2685,2334.78,1705.0,89.87
20170324,øª∑Œ∆‰¿Ã,179720,331,331,331,331,3100,-11,-3.22,349.0,-9.43,0,-0.58,300,10.71,2005.0,17.6
20170327,øª∑Œ∆‰¿Ã,179720,330,340,330,340,2001,9,2.72,337.6666666666667,-3.25,0,17.82,-1099,-35.45,2633.6666666666665,31.35
20170328,øª∑Œ∆‰¿Ã,179720,289,390,289,390,5101,50,14.71,353.6666666666667,4.74,1,30.88,3100,154.92,3400.6666666666665,29.12
20170329,øª∑Œ∆‰¿Ã,179720,445,445,445,445,1,55,14.1,391.6666666666667,10.74,0,-2.82,-5100,-99.98,2367.6666666666665,-30.38
20170330,øª∑Œ∆‰¿Ã,179720,510,510,379,379,281,-66,-14.83,404.6666666666667,3.32,0,-27.42,280,28000.0,1794.3333333333333,-24.22
20170331,øª∑Œ∆‰¿Ã,179720,323,323,323,323,423,-56,-14.78,382.3333333333333,-5.52,0,-2.11,142,50.53,235.0,-86.9
20170403,øª∑Œ∆‰¿Ã,179720,275,371,275,371,28894,48,14.86,357.6666666666667,-6.45,0,31.27,28471,6730.73,9866.0,4098.3
20170404,øª∑Œ∆‰¿Ã,179720,425,425,316,424,12,53,14.29,372.6666666666667,4.19,1,20.49,-28882,-99.96,9776.333333333334,-0.91
20170405,øª∑Œ∆‰¿Ã,179720,486,486,361,447,31,23,5.42,414.0,11.09,0,3.77,19,158.33,9645.666666666666,-1.34
20170406,øª∑Œ∆‰¿Ã,179720,380,440,380,440,48,-7,-1.57,437.0,5.56,0,7.16,17,54.84,30.333333333333332,-99.69
20170407,øª∑Œ∆‰¿Ã,179720,480,480,374,479,12,39,8.86,455.3333333333333,4.2,0,25.0,-36,-75.0,30.333333333333332,0.0
20170410,øª∑Œ∆‰¿Ã,179720,408,550,408,550,11,71,14.82,489.6666666666667,7.54,0,-2.3,-1,-8.33,23.666666666666668,-21.98
20170411,øª∑Œ∆‰¿Ã,179720,631,631,468,468,11213,-82,-14.91,499.0,1.91,0,-23.09,11202,101836.36,3745.3333333333335,15725.35
20170412,øª∑Œ∆‰¿Ã,179720,398,515,398,423,47,-45,-9.62,480.3333333333333,-3.74,0,-4.27,-11166,-99.58,3757.0,0.31
20170413,øª∑Œ∆‰¿Ã,179720,360,448,360,448,112,25,5.91,446.3333333333333,-7.08,0,5.2,65,138.3,3790.6666666666665,0.9
20170414,øª∑Œ∆‰¿Ã,179720,434,447,434,445,2419,-3,-0.67,438.6666666666667,-1.72,0,-15.4,2307,2059.82,859.3333333333334,-77.33
20170417,øª∑Œ∆‰¿Ã,179720,379,379,379,379,2400,-66,-14.83,424.0,-3.34,0,-12.81,-19,-0.79,1643.6666666666667,91.27
20170418,øª∑Œ∆‰¿Ã,179720,367,388,323,388,2802,9,2.37,404.0,-4.72,0,12.14,402,16.75,2540.3333333333335,54.55
20170419,øª∑Œ∆‰¿Ã,179720,330,425,330,425,18,37,9.54,397.3333333333333,-1.65,1,14.69,-2784,-99.36,1740.0,-31.51
20170420,øª∑Œ∆‰¿Ã,179720,482,482,362,445,3,20,4.71,419.3333333333333,5.54,0,-10.82,-15,-83.33,941.0,-45.92
20170421,øª∑Œ∆‰¿Ã,179720,379,379,379,379,2400,-66,-14.83,416.3333333333333,-0.72,0,-12.58,2397,79900.0,807.0,-14.24
20170424,øª∑Œ∆‰¿Ã,179720,367,389,367,389,2801,10,2.64,404.3333333333333,-2.88,0,5.28,401,16.71,1734.6666666666667,114.95
20170425,øª∑Œ∆‰¿Ã,179720,377,399,377,399,2701,10,2.57,389.0,-3.79,0,2.57,-100,-3.57,2634.0,51.84
20170426,øª∑Œ∆‰¿Ã,179720,387,399,387,399,2601,0,0.0,395.6666666666667,1.71,0,2.76,-100,-3.7,2701.0,2.54
20170427,øª∑Œ∆‰¿Ã,179720,340,410,340,410,2601,11,2.76,402.6666666666667,1.77,0,-12.53,0,0.0,2634.3333333333335,-2.47
20170428,øª∑Œ∆‰¿Ã,179720,349,349,349,349,2600,-61,-14.88,386.0,-4.14,0,-27.56,-1,-0.04,2600.6666666666665,-1.28
20170502,øª∑Œ∆‰¿Ã,179720,297,399,297,297,1200,-52,-14.9,352.0,-8.81,0,-2.29,-1400,-53.85,2133.6666666666665,-17.96
20170504,øª∑Œ∆‰¿Ã,179720,253,341,253,341,3501,44,14.81,329.0,-6.53,0,14.81,2301,191.75,2433.6666666666665,14.06
20170508,øª∑Œ∆‰¿Ã,179720,341,341,341,341,0,0,0.0,326.3333333333333,-0.81,0,-14.96,-3501,-100.0,1567.0,-35.61
20170510,øª∑Œ∆‰¿Ã,179720,290,290,290,290,2128,-51,-14.96,324.0,-0.72,0,-2.35,2128,0,1876.3333333333333,19.74
20170511,øª∑Œ∆‰¿Ã,179720,247,333,247,333,3860,43,14.83,321.3333333333333,-0.82,0,30.69,1732,81.39,1996.0,6.38
20170512,øª∑Œ∆‰¿Ã,179720,379,379,379,379,1,46,13.81,334.0,3.94,1,16.82,-3859,-99.97,1996.3333333333333,0.02
20170515,øª∑Œ∆‰¿Ã,179720,367,389,367,389,2801,10,2.64,367.0,9.88,1,5.28,2800,280000.0,2220.6666666666665,11.24
20170516,øª∑Œ∆‰¿Ã,179720,377,399,377,399,2701,10,2.57,389.0,5.99,1,5.4,-100,-3.57,1834.3333333333333,-17.4
20170517,øª∑Œ∆‰¿Ã,179720,387,410,387,410,2601,11,2.76,399.3333333333333,2.66,1,5.26,-100,-3.7,2701.0,47.25
20170518,øª∑Œ∆‰¿Ã,179720,397,420,397,420,2601,10,2.44,409.6666666666667,2.59,1,2.93,0,0.0,2634.3333333333335,-2.47
20170519,øª∑Œ∆‰¿Ã,179720,407,422,407,422,2510,2,0.48,417.3333333333333,1.87,0,-14.52,-91,-3.5,2570.6666666666665,-2.42
20170522,øª∑Œ∆‰¿Ã,179720,359,359,359,359,2500,-63,-14.93,400.3333333333333,-4.07,0,-19.43,-10,-0.4,2537.0,-1.31
20170523,øª∑Œ∆‰¿Ã,179720,340,340,340,340,2900,-19,-5.29,373.6666666666667,-6.66,-1,-19.5,400,16.0,2636.6666666666665,3.93
20170524,øª∑Œ∆‰¿Ã,179720,289,289,289,289,3100,-51,-15.0,329.3333333333333,-11.86,-1,-17.65,200,6.9,2833.3333333333335,7.46
20170525,øª∑Œ∆‰¿Ã,179720,280,280,280,280,3600,-9,-3.11,303.0,-8.0,-1,-16.96,500,16.13,3200.0,12.94
20170526,øª∑Œ∆‰¿Ã,179720,240,240,240,240,789,-40,-14.29,269.6666666666667,-11.0,-1,-26.79,-2811,-78.08,2496.3333333333335,-21.99
20170529,øª∑Œ∆‰¿Ã,179720,205,205,205,205,1,-35,-14.58,241.66666666666666,-10.38,-1,-25.0,-788,-99.87,1463.3333333333333,-41.38
20170530,øª∑Œ∆‰¿Ã,179720,180,180,180,180,1,-25,-12.2,208.33333333333334,-13.79,-1,-21.95,0,0.0,263.6666666666667,-81.98
20170531,øª∑Œ∆‰¿Ã,179720,160,160,160,160,1,-20,-11.11,181.66666666666666,-12.8,-1,-16.67,0,0.0,1.0,-99.62
20170601,øª∑Œ∆‰¿Ã,179720,150,150,150,150,1,-10,-6.25,163.33333333333334,-10.09,-1,-20.0,0,0.0,1.0,0.0
20170602,øª∑Œ∆‰¿Ã,179720,128,128,128,128,5,-22,-14.67,146.0,-10.61,-1,-27.33,4,400.0,2.3333333333333335,133.33
20170605,øª∑Œ∆‰¿Ã,179720,147,147,109,109,3791,-19,-14.84,129.0,-11.64,-1,-23.44,3786,75720.0,1265.6666666666667,54142.86
20170607,øª∑Œ∆‰¿Ã,179720,109,109,98,98,1852,-11,-10.09,111.66666666666667,-13.44,-1,-17.43,-1939,-51.15,1882.6666666666667,48.75
20170608,øª∑Œ∆‰¿Ã,179720,112,112,90,90,921,-8,-8.16,99.0,-11.34,-1,-9.18,-931,-50.27,2188.0,16.22
20170609,øª∑Œ∆‰¿Ã,179720,92,92,87,89,28501,-1,-1.11,92.33333333333333,-6.73,-1,-4.44,27580,2994.57,10424.666666666666,376.45
20170612,øª∑Œ∆‰¿Ã,179720,91,100,86,86,12501,-3,-3.37,88.33333333333333,-4.33,-1,-10.11,-16000,-56.14,13974.333333333334,34.05
20170613,øª∑Œ∆‰¿Ã,179720,98,98,80,80,10328,-6,-6.98,85.0,-3.77,-1,-10.47,-2173,-17.38,17110.0,22.44
20170614,øª∑Œ∆‰¿Ã,179720,81,81,77,77,13001,-3,-3.75,81.0,-4.71,0,10.0,2673,25.88,11943.333333333334,-30.2
20170615,øª∑Œ∆‰¿Ã,179720,78,88,78,88,13601,11,14.29,81.66666666666667,0.82,0,16.88,600,4.62,12310.0,3.07
20170616,øª∑Œ∆‰¿Ã,179720,90,90,90,90,11800,2,2.27,85.0,4.08,1,17.05,-1801,-13.24,12800.666666666666,3.99
20170619,øª∑Œ∆‰¿Ã,179720,92,103,92,103,11502,13,14.44,93.66666666666667,10.2,1,31.11,-298,-2.53,12301.0,-3.9
20170620,øª∑Œ∆‰¿Ã,179720,104,118,104,118,10201,15,14.56,103.66666666666667,10.68,1,31.07,-1301,-11.31,11167.666666666666,-9.21
20170621,øª∑Œ∆‰¿Ã,179720,135,135,135,135,1,17,14.41,118.66666666666667,14.47,1,31.36,-10200,-99.99,7234.666666666667,-35.22
20170622,øª∑Œ∆‰¿Ã,179720,155,155,155,155,1,20,14.81,136.0,14.61,1,31.85,0,0.0,3401.0,-52.99
20170623,øª∑Œ∆‰¿Ã,179720,178,178,178,178,1,23,14.84,156.0,14.71,1,31.61,0,0.0,1.0,-99.97
20170626,øª∑Œ∆‰¿Ã,179720,204,204,203,204,4009,26,14.61,179.0,14.74,1,31.46,4008,400800.0,1337.0,133600.0
20170627,øª∑Œ∆‰¿Ã,179720,234,234,234,234,700,30,14.71,205.33333333333334,14.71,0,14.71,-3309,-82.54,1570.0,17.43
20170628,øª∑Œ∆‰¿Ã,179720,0,0,0,234,0,0,0.0,224.0,9.09,0,14.96,-700,-100.0,1569.6666666666667,-0.02
20170629,øª∑Œ∆‰¿Ã,179720,269,269,268,269,6538,35,14.96,245.66666666666666,9.67,0,32.05,6538,0,2412.6666666666665,53.71
20170630,øª∑Œ∆‰¿Ã,179720,309,309,309,309,70674,40,14.87,270.6666666666667,10.18,0,14.87,64136,980.97,25737.333333333332,966.76
20170703,øª∑Œ∆‰¿Ã,179720,0,0,0,309,0,0,0.0,295.6666666666667,9.24,0,14.24,-70674,-100.0,25737.333333333332,0.0
20170704,øª∑Œ∆‰¿Ã,179720,353,355,263,353,1721,44,14.24,323.6666666666667,9.47,0,0.0,1721,0,24131.666666666668,-6.24
20170705,øª∑Œ∆‰¿Ã,179720,353,404,301,309,5537,-44,-12.46,323.6666666666667,0.0,0,0.28,3816,221.73,2419.3333333333335,-89.97
20170706,øª∑Œ∆‰¿Ã,179720,354,354,354,354,1,45,14.56,338.6666666666667,4.63,0,30.74,-5536,-99.98,2419.6666666666665,0.01
20170707,øª∑Œ∆‰¿Ã,179720,407,407,404,404,10,50,14.12,355.6666666666667,5.02,1,29.66,9,900.0,1849.3333333333333,-23.57
20170710,øª∑Œ∆‰¿Ã,179720,459,459,459,459,1,55,13.61,405.6666666666667,14.06,0,13.61,-9,-90.0,4.0,-99.78
20170711,øª∑Œ∆‰¿Ã,179720,0,0,0,459,0,0,0.0,440.6666666666667,8.63,0,14.38,-1,-100.0,3.6666666666666665,-8.33
20170712,øª∑Œ∆‰¿Ã,179720,525,525,525,525,1,66,14.38,481.0,9.15,0,31.15,1,0,0.6666666666666666,-81.82
20170713,øª∑Œ∆‰¿Ã,179720,602,602,602,602,1,77,14.67,528.6666666666666,9.91,1,31.62,0,0.0,0.6666666666666666,0.0
20170714,øª∑Œ∆‰¿Ã,179720,691,691,691,691,1,89,14.78,606.0,14.63,0,14.78,0,0.0,1.0,50.0
20170717,øª∑Œ∆‰¿Ã,179720,0,0,0,691,0,0,0.0,661.3333333333334,9.13,0,-14.91,-1,-100.0,0.6666666666666666,-33.33
20170718,øª∑Œ∆‰¿Ã,179720,588,588,588,588,11,-103,-14.91,656.6666666666666,-0.71,0,-27.64,11,0,4.0,500.0
20170719,øª∑Œ∆‰¿Ã,179720,500,500,500,500,537,-88,-14.97,593.0,-9.7,-1,-27.72,526,4781.82,182.66666666666666,4466.67
20170720,øª∑Œ∆‰¿Ã,179720,425,425,425,425,3,-75,-15.0,504.3333333333333,-14.95,-1,-27.6,-534,-99.44,183.66666666666666,0.55
20170721,øª∑Œ∆‰¿Ã,179720,362,487,362,362,12,-63,-14.82,429.0,-14.94,0,-2.35,9,300.0,184.0,0.18
20170724,øª∑Œ∆‰¿Ã,179720,415,415,415,415,1,53,14.64,400.6666666666667,-6.6,0,31.49,-11,-91.67,5.333333333333333,-97.1
20170725,øª∑Œ∆‰¿Ã,179720,470,476,353,476,34,61,14.7,417.6666666666667,4.24,1,25.06,33,3300.0,15.666666666666666,193.75
20170726,øª∑Œ∆‰¿Ã,179720,519,519,519,519,2,43,9.03,470.0,12.53,0,8.82,-32,-94.12,12.333333333333334,-21.28
20170727,øª∑Œ∆‰¿Ã,179720,442,518,442,518,28,-1,-0.19,504.3333333333333,7.3,0,-15.03,26,1300.0,21.333333333333332,72.97
20170728,øª∑Œ∆‰¿Ã,179720,441,441,441,441,3,-77,-14.86,492.6666666666667,-2.31,0,-2.7,-25,-89.29,11.0,-48.44
20170731,øª∑Œ∆‰¿Ã,179720,504,504,504,504,1,63,14.29,487.6666666666667,-1.01,0,29.48,-2,-66.67,10.666666666666666,-3.03
20170801,øª∑Œ∆‰¿Ã,179720,504,571,429,571,7,67,13.29,505.3333333333333,3.62,0,-3.57,6,600.0,3.6666666666666665,-65.62
20170802,øª∑Œ∆‰¿Ã,179720,486,486,486,486,1,-85,-14.89,520.3333333333334,2.97,0,-12.61,-6,-85.71,3.0,-18.18
20170803,øª∑Œ∆‰¿Ã,179720,471,499,414,499,2206,13,2.67,518.6666666666666,-0.32,0,-12.55,2205,220500.0,738.0,24500.0
20170804,øª∑Œ∆‰¿Ã,179720,425,425,425,425,1,-74,-14.83,470.0,-9.38,0,-12.83,-2205,-99.95,736.0,-0.27
20170807,øª∑Œ∆‰¿Ã,179720,412,436,412,435,2514,10,2.35,453.0,-3.62,0,-12.94,2513,251300.0,1573.6666666666667,113.81
20170808,øª∑Œ∆‰¿Ã,179720,435,499,370,370,44,-65,-14.94,410.0,-9.49,0,-13.1,-2470,-98.25,853.0,-45.8
20170809,øª∑Œ∆‰¿Ã,179720,358,378,358,378,2801,8,2.16,394.3333333333333,-3.82,0,16.76,2757,6265.91,1786.3333333333333,109.42
20170810,øª∑Œ∆‰¿Ã,179720,433,433,322,432,21,54,14.29,393.3333333333333,-0.25,1,30.95,-2780,-99.25,955.3333333333334,-46.52
20170811,øª∑Œ∆‰¿Ã,179720,495,495,495,495,1,63,14.58,435.0,10.59,0,-2.55,-20,-95.24,941.0,-1.5
20170814,øª∑Œ∆‰¿Ã,179720,421,421,421,421,2101,-74,-14.95,449.3333333333333,3.3,0,-5.45,2100,210000.0,707.6666666666666,-24.8
20170816,øª∑Œ∆‰¿Ã,179720,358,470,358,468,3620,47,11.16,461.3333333333333,2.67,0,13.78,1519,72.3,1907.3333333333333,169.52
20170817,øª∑Œ∆‰¿Ã,179720,453,479,453,479,2301,11,2.35,456.0,-1.16,0,-12.82,-1319,-36.44,2674.0,40.2
20170818,øª∑Œ∆‰¿Ã,179720,408,408,408,408,2252,-71,-14.82,451.6666666666667,-0.95,0,-10.23,-49,-2.13,2724.3333333333335,1.88
20170821,øª∑Œ∆‰¿Ã,179720,347,430,347,430,481,22,5.39,439.0,-2.8,0,-10.29,-1771,-78.64,1678.0,-38.41
20170822,øª∑Œ∆‰¿Ã,179720,366,366,366,366,2400,-64,-14.88,401.3333333333333,-8.58,0,-7.21,1919,398.96,1711.0,1.97
20170823,øª∑Œ∆‰¿Ã,179720,312,400,312,399,14029,33,9.02,398.3333333333333,-0.75,0,11.75,11629,484.54,5636.666666666667,229.44
20170824,øª∑Œ∆‰¿Ã,179720,387,409,387,409,2601,10,2.51,391.3333333333333,-1.76,1,17.04,-11428,-81.46,6343.333333333333,12.54
20170825,øª∑Œ∆‰¿Ã,179720,467,467,467,467,1,58,14.18,425.0,8.6,0,-2.93,-2600,-99.96,5543.666666666667,-12.61
20170828,øª∑Œ∆‰¿Ã,179720,397,397,397,397,2300,-70,-14.99,424.3333333333333,-0.16,0,-27.62,2299,229900.0,1634.0,-70.52
20170829,øª∑Œ∆‰¿Ã,179720,338,338,338,338,2600,-59,-14.86,400.6666666666667,-5.58,-1,-27.46,300,13.04,1633.6666666666667,-0.02
20170830,øª∑Œ∆‰¿Ã,179720,288,288,288,288,3210,-50,-14.79,341.0,-14.89,-1,-27.51,610,23.46,2703.3333333333335,65.48
20170831,øª∑Œ∆‰¿Ã,179720,245,245,245,245,3605,-43,-14.93,290.3333333333333,-14.86,0,-14.93,395,12.31,3138.3333333333335,16.09
20170901,øª∑Œ∆‰¿Ã,179720,209,245,209,245,3626,0,0.0,259.3333333333333,-10.68,0,-14.69,21,0.58,3480.3333333333335,10.9
20170904,øª∑Œ∆‰¿Ã,179720,209,209,209,209,55591,-36,-14.69,233.0,-10.15,0,-27.35,51965,1433.12,20940.666666666668,501.69
20170905,øª∑Œ∆‰¿Ã,179720,178,200,178,178,1241,-31,-14.83,210.66666666666666,-9.59,-1,-26.79,-54350,-97.77,20152.666666666668,-3.76
20170906,øª∑Œ∆‰¿Ã,179720,153,153,153,153,10,-25,-14.04,180.0,-14.56,0,-1.69,-1231,-99.19,18947.333333333332,-5.98
20170907,øª∑Œ∆‰¿Ã,179720,131,175,131,175,1232,22,14.38,168.66666666666666,-6.3,0,-2.61,1222,12220.0,827.6666666666666,-95.63
20170908,øª∑Œ∆‰¿Ã,179720,149,149,149,149,1,-26,-14.86,159.0,-5.73,0,-27.43,-1231,-99.92,414.3333333333333,-49.94
20170911,øª∑Œ∆‰¿Ã,179720,127,127,127,127,2,-22,-14.77,150.33333333333334,-5.45,-1,-27.52,1,100.0,411.6666666666667,-0.64
20170912,øª∑Œ∆‰¿Ã,179720,108,108,108,108,2,-19,-14.96,128.0,-14.86,-1,-27.56,0,0.0,1.6666666666666667,-99.6
20170913,øª∑Œ∆‰¿Ã,179720,92,92,92,92,12,-16,-14.81,109.0,-14.84,-1,-25.93,10,500.0,5.333333333333333,220.0
20170914,øª∑Œ∆‰¿Ã,179720,92,92,80,80,2,-12,-13.04,93.33333333333333,-14.37,0,-11.96,-10,-83.33,5.333333333333333,0.0
20170915,øª∑Œ∆‰¿Ã,179720,81,81,81,81,1,1,1.25,84.33333333333333,-9.64,0,-11.25,-1,-50.0,5.0,-6.25
20170918,øª∑Œ∆‰¿Ã,179720,70,71,70,71,3,-10,-12.35,77.33333333333333,-8.3,0,0.0,2,200.0,2.0,-60.0
20170919,øª∑Œ∆‰¿Ã,179720,81,81,81,81,14800,10,14.08,77.66666666666667,0.43,0,30.99,14797,493233.33,4934.666666666667,246633.33
20170920,øª∑Œ∆‰¿Ã,179720,93,93,93,93,12900,12,14.81,81.66666666666667,5.15,1,30.86,-1900,-12.84,9234.333333333334,87.13
20170921,øª∑Œ∆‰¿Ã,179720,106,106,106,106,1,13,13.98,93.33333333333333,14.29,1,30.11,-12899,-99.99,9233.666666666666,-0.01
20170922,øª∑Œ∆‰¿Ã,179720,106,121,106,121,2,15,14.15,106.66666666666667,14.29,1,31.13,1,100.0,4301.0,-53.42
20170925,øª∑Œ∆‰¿Ã,179720,139,139,139,139,1,18,14.88,122.0,14.37,1,31.4,-1,-50.0,1.3333333333333333,-99.97
20170926,øª∑Œ∆‰¿Ã,179720,159,159,159,159,1,20,14.39,139.66666666666666,14.48,1,30.94,0,0.0,1.3333333333333333,0.0
20170927,øª∑Œ∆‰¿Ã,179720,182,182,182,182,1,23,14.47,160.0,14.56,1,31.45,0,0.0,1.0,-25.0
20170928,øª∑Œ∆‰¿Ã,179720,209,209,209,209,1,27,14.84,183.33333333333334,14.58,1,31.32,0,0.0,1.0,0.0
20170929,øª∑Œ∆‰¿Ã,179720,240,240,178,239,4380,30,14.35,210.0,14.55,1,16.75,4379,437900.0,1460.6666666666667,145966.67
20171010,øª∑Œ∆‰¿Ã,179720,274,274,210,244,8288,5,2.09,230.66666666666666,9.84,1,17.15,3908,89.22,4223.0,189.11
20171011,øª∑Œ∆‰¿Ã,179720,280,280,280,280,3001,36,14.75,254.33333333333334,10.26,1,31.56,-5287,-63.79,5223.0,23.68
20171012,øª∑Œ∆‰¿Ã,179720,322,322,238,321,1225,41,14.64,281.6666666666667,10.75,0,14.64,-1776,-59.18,4171.333333333333,-20.14
20171013,øª∑Œ∆‰¿Ã,179720,0,0,0,321,0,0,0.0,307.3333333333333,9.11,0,-14.95,-1225,-100.0,1408.6666666666667,-66.23
20171016,øª∑Œ∆‰¿Ã,179720,273,273,273,273,10,-48,-14.95,305.0,-0.76,0,-13.4,10,0,411.6666666666667,-70.78
20171017,øª∑Œ∆‰¿Ã,179720,264,278,264,278,3801,5,1.83,290.6666666666667,-4.7,0,-1.47,3791,37910.0,1270.3333333333333,208.58
20171018,øª∑Œ∆‰¿Ã,179720,269,269,269,269,3800,-9,-3.24,273.3333333333333,-5.96,0,-1.08,-1,-0.03,2537.0,99.71
20171019,øª∑Œ∆‰¿Ã,179720,275,275,260,275,7601,6,2.23,274.0,0.24,0,4.09,3801,100.03,5067.333333333333,99.74
20171020,øª∑Œ∆‰¿Ã,179720,266,280,266,280,3801,5,1.82,274.6666666666667,0.24,0,-1.45,-3800,-49.99,5067.333333333333,0.0
20171023,øª∑Œ∆‰¿Ã,179720,271,271,271,271,3,-9,-3.21,275.3333333333333,0.24,0,-6.43,-3798,-99.92,3801.6666666666665,-24.98
20171024,øª∑Œ∆‰¿Ã,179720,262,262,262,262,3900,-9,-3.32,271.0,-1.57,-1,-6.27,3897,129900.0,2568.0,-32.45
20171025,øª∑Œ∆‰¿Ã,179720,254,254,254,254,4000,-8,-3.05,262.3333333333333,-3.2,-1,-6.11,100,2.56,2634.3333333333335,2.58
20171026,øª∑Œ∆‰¿Ã,179720,246,246,246,246,4100,-8,-3.15,254.0,-3.18,-1,-5.51,100,2.5,4000.0,51.84
20171027,øª∑Œ∆‰¿Ã,179720,240,240,240,240,896,-6,-2.44,246.66666666666666,-2.89,0,-2.44,-3204,-78.15,2998.6666666666665,-25.03
20171030,øª∑Œ∆‰¿Ã,179720,240,240,240,240,0,0,0.0,242.0,-1.89,0,-3.33,-896,-100.0,1665.3333333333333,-44.46
20171031,øª∑Œ∆‰¿Ã,179720,232,232,232,232,1,-8,-3.33,237.33333333333334,-1.93,0,-3.33,1,0,299.0,-82.05
20171101,øª∑Œ∆‰¿Ã,179720,198,232,198,232,81,0,0.0,234.66666666666666,-1.12,0,0.0,80,8000.0,27.333333333333332,-90.86
20171102,øª∑Œ∆‰¿Ã,179720,232,232,232,232,1,0,0.0,232.0,-1.14,0,-3.02,-80,-98.77,27.666666666666668,1.22
20171103,øª∑Œ∆‰¿Ã,179720,225,225,225,225,1,-7,-3.02,229.66666666666666,-1.01,0,-6.03,0,0.0,27.666666666666668,0.0
20171106,øª∑Œ∆‰¿Ã,179720,218,218,218,218,5,-7,-3.11,225.0,-2.03,-1,-6.22,4,400.0,2.3333333333333335,-91.57
20171107,øª∑Œ∆‰¿Ã,179720,211,211,211,211,1,-7,-3.21,218.0,-3.11,-1,-6.42,-4,-80.0,2.3333333333333335,0.0
20171108,øª∑Œ∆‰¿Ã,179720,204,216,204,204,102,-7,-3.32,211.0,-3.21,0,-3.32,101,10100.0,36.0,1442.86
20171109,øª∑Œ∆‰¿Ã,179720,174,204,174,204,201,0,0.0,206.33333333333334,-2.21,0,0.0,99,97.06,101.33333333333333,181.48
20171110,øª∑Œ∆‰¿Ã,179720,204,204,204,204,0,0,0.0,204.0,-1.13,0,-3.43,-201,-100.0,101.0,-0.33
20171113,øª∑Œ∆‰¿Ã,179720,197,197,197,197,1,-7,-3.43,201.66666666666666,-1.14,0,-6.37,1,0,67.33333333333333,-33.33
20171114,øª∑Œ∆‰¿Ã,179720,191,202,191,191,182,-6,-3.05,197.33333333333334,-2.15,-1,-6.09,181,18100.0,61.0,-9.41
20171115,øª∑Œ∆‰¿Ã,179720,185,185,185,185,5001,-6,-3.14,191.0,-3.21,0,10.99,4819,2647.8,1728.0,2732.79
20171116,øª∑Œ∆‰¿Ã,179720,158,212,158,212,2,27,14.59,196.0,2.62,0,10.81,-4999,-99.96,1728.3333333333333,0.02
20171117,øª∑Œ∆‰¿Ã,179720,205,205,205,205,1,-7,-3.3,200.66666666666666,2.38,0,-6.6,-1,-50.0,1668.0,-3.49
20171120,øª∑Œ∆‰¿Ã,179720,198,205,198,198,5005,-7,-3.41,205.0,2.16,0,-3.41,5004,500400.0,1669.3333333333333,0.08
20171121,øª∑Œ∆‰¿Ã,179720,198,198,198,198,0,0,0.0,200.33333333333334,-2.28,0,-3.03,-5005,-100.0,1668.6666666666667,-0.04
20171122,øª∑Œ∆‰¿Ã,179720,192,192,192,192,11,-6,-3.03,196.0,-2.16,0,-6.06,11,0,1672.0,0.2
20171123,øª∑Œ∆‰¿Ã,179720,186,186,186,186,11,-6,-3.12,192.0,-2.04,0,10.94,0,0.0,7.333333333333333,-99.56
20171124,øª∑Œ∆‰¿Ã,179720,180,213,180,213,6836,27,14.52,197.0,2.6,0,10.75,6825,62045.45,2286.0,31072.73
20171127,øª∑Œ∆‰¿Ã,179720,206,206,206,206,4900,-7,-3.29,201.66666666666666,2.37,0,-17.37,-1936,-28.32,3915.6666666666665,71.29
20171128,øª∑Œ∆‰¿Ã,179720,236,236,176,176,305,-30,-14.56,198.33333333333334,-1.65,0,-1.94,-4595,-93.78,4013.6666666666665,2.5
20171129,øª∑Œ∆‰¿Ã,179720,170,202,170,202,7902,26,14.77,194.66666666666666,-1.85,0,-2.27,7597,2490.82,4369.0,8.85
20171130,øª∑Œ∆‰¿Ã,179720,195,195,172,172,5201,-30,-14.85,183.33333333333334,-5.82,0,-17.82,-2701,-34.18,4469.333333333333,2.3
20171201,øª∑Œ∆‰¿Ã,179720,175,197,166,166,6602,-6,-3.49,180.0,-1.82,0,10.47,1401,26.94,6568.333333333333,46.96
20171204,øª∑Œ∆‰¿Ã,179720,161,190,161,190,7301,24,14.46,176.0,-2.22,0,-1.81,699,10.59,6368.0,-3.05
20171205,øª∑Œ∆‰¿Ã,179720,163,163,163,163,1,-27,-14.21,173.0,-1.7,0,-1.58,-7300,-99.99,4634.666666666667,-27.22
20171206,øª∑Œ∆‰¿Ã,179720,187,187,187,187,1,24,14.72,180.0,4.05,0,31.9,0,0.0,2434.3333333333335,-47.48
20171207,øª∑Œ∆‰¿Ã,179720,181,215,181,215,5607,28,14.97,188.33333333333334,4.63,1,32.09,5606,560600.0,1869.6666666666667,-23.2
20171208,øª∑Œ∆‰¿Ã,179720,247,247,247,247,1,32,14.88,216.33333333333334,14.87,1,30.23,-5606,-99.98,1869.6666666666667,0.0
20171211,øª∑Œ∆‰¿Ã,179720,247,280,247,280,743,33,13.36,247.33333333333334,14.33,0,12.96,742,74200.0,2117.0,13.23
20171212,øª∑Œ∆‰¿Ã,179720,271,279,271,279,3701,-1,-0.36,268.6666666666667,8.63,0,13.57,2958,398.12,1481.6666666666667,-30.01
20171213,øª∑Œ∆‰¿Ã,179720,318,318,318,318,1,39,13.98,292.3333333333333,8.81,0,29.03,-3700,-99.97,1481.6666666666667,0.0
20171214,øª∑Œ∆‰¿Ã,179720,318,360,318,360,2,42,13.21,319.0,9.12,0,13.21,1,100.0,1234.6666666666667,-16.67
20171215,øª∑Œ∆‰¿Ã,179720,0,0,0,360,0,0,0.0,346.0,8.46,0,1.94,-2,-100.0,1.0,-99.92
20171218,øª∑Œ∆‰¿Ã,179720,349,367,349,367,2901,7,1.94,362.3333333333333,4.72,0,-13.33,2901,0,967.6666666666666,96666.67
20171219,øª∑Œ∆‰¿Ã,179720,312,312,312,312,5900,-55,-14.99,346.3333333333333,-4.42,0,-14.99,2999,103.38,2933.6666666666665,203.17
20171220,øª∑Œ∆‰¿Ã,179720,312,312,312,312,1,0,0.0,330.3333333333333,-4.62,0,0.0,-5899,-99.98,2934.0,0.01
20171221,øª∑Œ∆‰¿Ã,179720,302,312,302,312,3401,0,0.0,312.0,-5.55,0,0.0,3400,340000.0,3100.6666666666665,5.68
20171222,øª∑Œ∆‰¿Ã,179720,312,312,312,312,1,0,0.0,312.0,0.0,∫Ò±≥∫“∞°,∫Ò±≥∫“∞°,-3400,-99.97,1134.3333333333333,-63.42
